{"cpu_time": 0.0, "wallclock_time": 0.0031790733337402344, "evaluations": 0, "cost": 2147483648, "incumbent": {"l2_reg": 0.1456632325425744, "lrate": 0.14126621931791306, "n_epochs": 1398}, "budget": 0, "origin": "Sobol"}
{"cpu_time": 1.7319550514221191, "wallclock_time": 1.9628832340240479, "evaluations": 1, "cost": 0.14338049292564392, "incumbent": {"l2_reg": 0.1456632325425744, "lrate": 0.14126621931791306, "n_epochs": 1398}, "budget": 0, "origin": "Sobol"}
{"cpu_time": 4.9941816329956055, "wallclock_time": 5.66765022277832, "evaluations": 3, "cost": 0.14111755788326263, "incumbent": {"l2_reg": 0.79408860206604, "lrate": 0.31723231077194214, "n_epochs": 1678}, "budget": 0, "origin": "Sobol"}
{"cpu_time": 11.759954929351807, "wallclock_time": 13.257786273956299, "evaluations": 7, "cost": 0.1408282369375229, "incumbent": {"l2_reg": 0.9068228602409363, "lrate": 0.9918195605278015, "n_epochs": 1238}, "budget": 0, "origin": "Sobol"}
{"cpu_time": 13.245857000350952, "wallclock_time": 14.962177038192749, "evaluations": 8, "cost": 0.12516559660434723, "incumbent": {"l2_reg": 0.6442439556121826, "lrate": 0.01721799746155739, "n_epochs": 862}, "budget": 0, "origin": "Sobol"}
{"cpu_time": 30.755547761917114, "wallclock_time": 34.917718172073364, "evaluations": 20, "cost": 0.12075820565223694, "incumbent": {"l2_reg": 0.8449652791023254, "lrate": 0.11581765115261078, "n_epochs": 1055}, "budget": 0, "origin": "Sobol"}
{"cpu_time": 43.96375274658203, "wallclock_time": 65.93284320831299, "evaluations": 29, "cost": 0.11925338208675385, "incumbent": {"l2_reg": 0.7666723960925491, "lrate": 0.11501086069839545, "n_epochs": 967}, "budget": 0, "origin": "Local Search"}
{"cpu_time": 55.666725635528564, "wallclock_time": 106.52181506156921, "evaluations": 37, "cost": 0.10956598818302155, "incumbent": {"l2_reg": 0.9998852299353853, "lrate": 0.030005648202957716, "n_epochs": 1488}, "budget": 0, "origin": "Local Search"}
{"cpu_time": 59.952101707458496, "wallclock_time": 118.75770330429077, "evaluations": 40, "cost": 0.10787738114595413, "incumbent": {"l2_reg": 0.9997044285102775, "lrate": 0.0459254277103702, "n_epochs": 1488}, "budget": 0, "origin": "Local Search"}
{"cpu_time": 69.41189360618591, "wallclock_time": 153.83296012878418, "evaluations": 46, "cost": 0.10738228261470795, "incumbent": {"l2_reg": 0.99866052605031, "lrate": 5.699164358294404e-06, "n_epochs": 1488}, "budget": 0, "origin": "Local Search"}
{"cpu_time": 76.14520359039307, "wallclock_time": 171.8838882446289, "evaluations": 50, "cost": 0.10296128690242767, "incumbent": {"l2_reg": 0.9985637730880965, "lrate": 0.1085322966720808, "n_epochs": 1488}, "budget": 0, "origin": "Local Search"}
{"cpu_time": 136.06720280647278, "wallclock_time": 430.12712025642395, "evaluations": 92, "cost": 0.10168290883302689, "incumbent": {"l2_reg": 0.9952778361010397, "lrate": 0.0002843986515733462, "n_epochs": 1488}, "budget": 0, "origin": "Local Search"}
{"cpu_time": 141.7572808265686, "wallclock_time": 454.2838222980499, "evaluations": 96, "cost": 0.1013498455286026, "incumbent": {"l2_reg": 0.9952778361010397, "lrate": 8.347464448179925e-05, "n_epochs": 1488}, "budget": 0, "origin": "Local Search"}
{"cpu_time": 144.60749006271362, "wallclock_time": 463.9124321937561, "evaluations": 98, "cost": 0.1004553809762001, "incumbent": {"l2_reg": 0.9961147100684254, "lrate": 0.00012492958086973932, "n_epochs": 1488}, "budget": 0, "origin": "Local Search"}
