lrate,l2_reg,n_epochs,loss
1e-0,1e-0,5,1
0.50000,0.50000,2,4
0.908454739653621,1.,0,6
0.1105051432665822,0.3460601733837924,7,3
0.772950140035098,0.500740614539856,5,9
