{"cpu_time": 0.0, "wallclock_time": 0.004594326019287109, "evaluations": 0, "cost": 2147483648, "incumbent": ["l2_reg='0.11670247092843056'", "lrate='0.29535160679370165'", "n_epochs='1353'"], "origin": "Sobol"}
{"cpu_time": 51.01347732543945, "wallclock_time": 51.06261348724365, "evaluations": 1, "cost": 0.1321, "incumbent": ["l2_reg='0.11670247092843056'", "lrate='0.29535160679370165'", "n_epochs='1353'"], "origin": "Sobol"}
{"cpu_time": 209.26960372924805, "wallclock_time": 209.48403096199036, "evaluations": 3, "cost": 0.11519999999999997, "incumbent": ["l2_reg='0.6698045134544373'", "lrate='0.2012253999710083'", "n_epochs='1882'"], "origin": "Sobol"}
{"cpu_time": 1101.8811354637146, "wallclock_time": 1103.014099597931, "evaluations": 16, "cost": 0.11219999999999997, "incumbent": ["l2_reg='0.9935082197189331'", "lrate='0.0028100386261940002'", "n_epochs='1473'"], "origin": "Sobol"}
{"cpu_time": 1207.420404434204, "wallclock_time": 1208.753541469574, "evaluations": 18, "cost": 0.10919999999999996, "incumbent": ["l2_reg='0.042871490120887756'", "lrate='0.0576934739947319'", "n_epochs='1673'"], "origin": "Sobol"}
{"cpu_time": 2222.220361471176, "wallclock_time": 2228.58696103096, "evaluations": 33, "cost": 0.1069, "incumbent": ["l2_reg='0.01599060318572887'", "lrate='0.0015013198426476748'", "n_epochs='1673'"], "origin": "Random Search (sorted)"}
{"cpu_time": 5531.61977148056, "wallclock_time": 5594.664700746536, "evaluations": 86, "cost": 0.10529999999999995, "incumbent": ["l2_reg='0.043487027832540895'", "lrate='0.0029638415561015277'", "n_epochs='1404'"], "origin": "Local Search"}
