{"cpu_time": 0.0, "wallclock_time": 0.04210495948791504, "evaluations": 0, "cost": 2147483648, "incumbent": {"l2_reg": 0.18836983479559422, "lrate": 0.6775123281404376, "n_epochs": 387}, "budget": 0, "origin": "Sobol"}
{"cpu_time": 1.3589611053466797, "wallclock_time": 1.60919189453125, "evaluations": 1, "cost": 0.1847306340932846, "incumbent": {"l2_reg": 0.18836983479559422, "lrate": 0.6775123281404376, "n_epochs": 387}, "budget": 0, "origin": "Sobol"}
{"cpu_time": 2.623020887374878, "wallclock_time": 3.095935821533203, "evaluations": 2, "cost": 0.1297745704650879, "incumbent": {"l2_reg": 0.9215483665466309, "lrate": 0.4227484464645386, "n_epochs": 1145}, "budget": 0, "origin": "Sobol"}
{"cpu_time": 16.65136694908142, "wallclock_time": 19.03538203239441, "evaluations": 11, "cost": 0.12684550881385803, "incumbent": {"l2_reg": 0.8245916962623596, "lrate": 0.008021179586648941, "n_epochs": 709}, "budget": 0, "origin": "Sobol"}
{"cpu_time": 24.16485571861267, "wallclock_time": 27.66301679611206, "evaluations": 16, "cost": 0.11144383251667023, "incumbent": {"l2_reg": 0.995177686214447, "lrate": 0.9858202934265137, "n_epochs": 305}, "budget": 0, "origin": "Sobol"}
{"cpu_time": 56.831501483917236, "wallclock_time": 115.46359181404114, "evaluations": 38, "cost": 0.11050532758235931, "incumbent": {"l2_reg": 0.995177686214447, "lrate": 0.998512278794013, "n_epochs": 305}, "budget": 0, "origin": "Local Search"}
{"cpu_time": 64.22475266456604, "wallclock_time": 138.80086708068848, "evaluations": 43, "cost": 0.10921286791563034, "incumbent": {"l2_reg": 0.99748643838726, "lrate": 0.9998673456038781, "n_epochs": 5}, "budget": 0, "origin": "Local Search"}
{"cpu_time": 77.18430781364441, "wallclock_time": 179.66112208366394, "evaluations": 52, "cost": 0.10903740674257278, "incumbent": {"l2_reg": 0.9960511533577779, "lrate": 0.9998673456038781, "n_epochs": 332}, "budget": 0, "origin": "Local Search"}
{"cpu_time": 78.68927097320557, "wallclock_time": 181.380215883255, "evaluations": 53, "cost": 0.10846586525440216, "incumbent": {"l2_reg": 0.9999860138800535, "lrate": 0.9998718050911239, "n_epochs": 180}, "budget": 0, "origin": "Local Search"}
{"cpu_time": 93.49448204040527, "wallclock_time": 234.66361212730408, "evaluations": 63, "cost": 0.10711214691400528, "incumbent": {"l2_reg": 0.9974320806445353, "lrate": 0.9998615180232943, "n_epochs": 33}, "budget": 0, "origin": "Local Search"}
{"cpu_time": 114.28066658973694, "wallclock_time": 311.0435299873352, "evaluations": 72, "cost": 0.1069236695766449, "incumbent": {"l2_reg": 0.9915375782229031, "lrate": 0.9998757249390335, "n_epochs": 38}, "budget": 0, "origin": "Local Search"}
{"cpu_time": 115.7291989326477, "wallclock_time": 312.6992528438568, "evaluations": 73, "cost": 0.10645901411771774, "incumbent": {"l2_reg": 0.9916333262484541, "lrate": 0.9998673456038781, "n_epochs": 41}, "budget": 0, "origin": "Local Search"}
