{"cpu_time": 0.0, "wallclock_time": 0.0024890899658203125, "evaluations": 0, "cost": 2147483648, "incumbent": ["l2_reg='0.38930080737918615'", "lrate='0.5805931044742465'", "n_epochs='124'"], "origin": "Sobol"}
{"cpu_time": 1.410128116607666, "wallclock_time": 1.632336139678955, "evaluations": 1, "cost": 0.15378744900226593, "incumbent": ["l2_reg='0.38930080737918615'", "lrate='0.5805931044742465'", "n_epochs='124'"], "origin": "Sobol"}
{"cpu_time": 2.743953227996826, "wallclock_time": 3.170375108718872, "evaluations": 2, "cost": 0.1308680772781372, "incumbent": ["l2_reg='0.8529080152511597'", "lrate='0.08262182772159576'", "n_epochs='1978'"], "origin": "Sobol"}
{"cpu_time": 33.25572371482849, "wallclock_time": 38.0161919593811, "evaluations": 24, "cost": 0.12909479439258575, "incumbent": ["l2_reg='0.898478627204895'", "lrate='0.9230114221572876'", "n_epochs='1823'"], "origin": "Sobol"}
{"cpu_time": 46.85099267959595, "wallclock_time": 81.50039601325989, "evaluations": 34, "cost": 0.1230328381061554, "incumbent": ["l2_reg='0.908253238717909'", "lrate='0.9240289855683637'", "n_epochs='1872'"], "origin": "Local Search"}
{"cpu_time": 52.31588101387024, "wallclock_time": 98.81263399124146, "evaluations": 38, "cost": 0.12167343497276306, "incumbent": ["l2_reg='0.9074835164698657'", "lrate='0.9236503404125338'", "n_epochs='1914'"], "origin": "Local Search"}
{"cpu_time": 56.34581112861633, "wallclock_time": 111.01697301864624, "evaluations": 41, "cost": 0.12005937844514847, "incumbent": ["l2_reg='0.9996410696826004'", "lrate='0.9230054095288157'", "n_epochs='1943'"], "origin": "Local Search"}
{"cpu_time": 59.34087014198303, "wallclock_time": 118.49855709075928, "evaluations": 43, "cost": 0.11824783682823181, "incumbent": ["l2_reg='0.9987699739565326'", "lrate='0.922323124651446'", "n_epochs='1998'"], "origin": "Local Search"}
{"cpu_time": 63.473999977111816, "wallclock_time": 131.8001480102539, "evaluations": 46, "cost": 0.11668933928012848, "incumbent": ["l2_reg='0.24443796056391684'", "lrate='0.022628339155331665'", "n_epochs='1288'"], "origin": "Local Search"}
{"cpu_time": 71.70571780204773, "wallclock_time": 163.28337907791138, "evaluations": 52, "cost": 0.11652597784996033, "incumbent": ["l2_reg='0.9837148010469393'", "lrate='0.9230054095288157'", "n_epochs='2000'"], "origin": "Local Search"}
{"cpu_time": 75.77810311317444, "wallclock_time": 176.9575560092926, "evaluations": 55, "cost": 0.1131119355559349, "incumbent": ["l2_reg='0.9841972561190633'", "lrate='0.9241741895906679'", "n_epochs='1998'"], "origin": "Local Search"}
{"cpu_time": 130.11826276779175, "wallclock_time": 458.50243496894836, "evaluations": 93, "cost": 0.112425297498703, "incumbent": ["l2_reg='0.9980551204227938'", "lrate='0.997803074697357'", "n_epochs='175'"], "origin": "Local Search"}
