{"cpu_time": 0.0, "wallclock_time": 0.004270076751708984, "evaluations": 0, "cost": 2147483648, "incumbent": ["l2_reg='0.12030882108956575'", "lrate='0.7450040550902486'", "n_epochs='1480'"], "origin": "Sobol"}
{"cpu_time": 43.35248517990112, "wallclock_time": 43.428298473358154, "evaluations": 1, "cost": 0.16579999999999995, "incumbent": ["l2_reg='0.12030882108956575'", "lrate='0.7450040550902486'", "n_epochs='1480'"], "origin": "Sobol"}
{"cpu_time": 144.61935591697693, "wallclock_time": 144.7939178943634, "evaluations": 2, "cost": 0.15480000000000005, "incumbent": ["l2_reg='0.9153344631195068'", "lrate='0.18735074996948242'", "n_epochs='544'"], "origin": "Sobol"}
{"cpu_time": 200.78926515579224, "wallclock_time": 201.0678505897522, "evaluations": 3, "cost": 0.14159999999999995, "incumbent": ["l2_reg='0.5'", "lrate='0.5'", "n_epochs='1002'"], "origin": null}
{"cpu_time": 290.9602508544922, "wallclock_time": 291.3467786312103, "evaluations": 4, "cost": 0.13180000000000003, "incumbent": ["l2_reg='0.5836659073829651'", "lrate='0.955366849899292'", "n_epochs='1710'"], "origin": "Sobol"}
{"cpu_time": 345.8959765434265, "wallclock_time": 346.4049656391144, "evaluations": 5, "cost": 0.13019999999999998, "incumbent": ["l2_reg='0.38264381885528564'", "lrate='0.39789238572120667'", "n_epochs='276'"], "origin": "Sobol"}
{"cpu_time": 498.91667199134827, "wallclock_time": 499.55665159225464, "evaluations": 7, "cost": 0.11970000000000003, "incumbent": ["l2_reg='0.7268176674842834'", "lrate='0.364956796169281'", "n_epochs='1106'"], "origin": "Sobol"}
{"cpu_time": 1075.4387214183807, "wallclock_time": 1076.8505914211273, "evaluations": 15, "cost": 0.11780000000000002, "incumbent": ["l2_reg='0.5135894417762756'", "lrate='0.05741475149989128'", "n_epochs='469'"], "origin": "Sobol"}
{"cpu_time": 1307.7393560409546, "wallclock_time": 1309.46741938591, "evaluations": 19, "cost": 0.11670000000000003, "incumbent": ["l2_reg='0.961331307888031'", "lrate='0.28679487109184265'", "n_epochs='9'"], "origin": "Sobol"}
{"cpu_time": 2056.3410511016846, "wallclock_time": 2065.239501953125, "evaluations": 32, "cost": 0.11499999999999999, "incumbent": ["l2_reg='0.9573685302018436'", "lrate='0.2848429987967336'", "n_epochs='9'"], "origin": "Local Search"}
{"cpu_time": 2837.651031732559, "wallclock_time": 2864.6086189746857, "evaluations": 49, "cost": 0.11180000000000001, "incumbent": ["l2_reg='0.9579939460249433'", "lrate='0.2855511929519011'", "n_epochs='9'"], "origin": "Local Search"}
{"cpu_time": 3584.674192428589, "wallclock_time": 3622.325539827347, "evaluations": 62, "cost": 0.10829999999999995, "incumbent": ["l2_reg='0.9583378416330308'", "lrate='0.2855682604735227'", "n_epochs='9'"], "origin": "Local Search"}
{"cpu_time": 5364.535635709763, "wallclock_time": 5442.489510774612, "evaluations": 97, "cost": 0.10409999999999997, "incumbent": ["l2_reg='0.9794538153018337'", "lrate='0.6801247685082726'", "n_epochs='770'"], "origin": "Random Search"}
