{"cpu_time": 0.0, "wallclock_time": 0.004305839538574219, "evaluations": 0, "cost": 2147483648, "incumbent": {"l2_reg": 0.8528101872652769, "lrate": 0.3272897284477949, "n_epochs": 1282}, "budget": 0, "origin": "Sobol"}
{"cpu_time": 122.20081853866577, "wallclock_time": 122.25822353363037, "evaluations": 1, "cost": 0.12629999999999997, "incumbent": {"l2_reg": 0.8528101872652769, "lrate": 0.3272897284477949, "n_epochs": 1282}, "budget": 0, "origin": "Sobol"}
{"cpu_time": 736.9092371463776, "wallclock_time": 737.5081527233124, "evaluations": 9, "cost": 0.12050000000000005, "incumbent": {"l2_reg": 0.9116498827934265, "lrate": 0.047987423837184906, "n_epochs": 610}, "budget": 0, "origin": "Sobol"}
{"cpu_time": 1690.5153920650482, "wallclock_time": 1692.0077846050262, "evaluations": 22, "cost": 0.11929999999999996, "incumbent": {"l2_reg": 0.670028030872345, "lrate": 0.2506771683692932, "n_epochs": 864}, "budget": 0, "origin": "Sobol"}
{"cpu_time": 1830.213983297348, "wallclock_time": 1831.8507163524628, "evaluations": 24, "cost": 0.11629999999999996, "incumbent": {"l2_reg": 0.10506036132574081, "lrate": 0.014195145107805729, "n_epochs": 60}, "budget": 0, "origin": "Sobol"}
{"cpu_time": 2153.434096097946, "wallclock_time": 2157.75168466568, "evaluations": 28, "cost": 0.10150000000000003, "incumbent": {"l2_reg": 0.6051861800568624, "lrate": 0.008985629189905975, "n_epochs": 843}, "budget": 0, "origin": "Random Search (sorted)"}
