{"cpu_time": 0.0, "wallclock_time": 0.0046002864837646484, "evaluations": 0, "cost": 2147483648, "incumbent": {"l2_reg": 0.9719415623694658, "lrate": 0.14858547132462263, "n_epochs": 400}, "budget": 0, "origin": "Sobol"}
{"cpu_time": 90.01498079299927, "wallclock_time": 90.07152652740479, "evaluations": 1, "cost": 0.15610000000000002, "incumbent": {"l2_reg": 0.9719415623694658, "lrate": 0.14858547132462263, "n_epochs": 400}, "budget": 0, "origin": "Sobol"}
{"cpu_time": 290.87411093711853, "wallclock_time": 291.19434905052185, "evaluations": 4, "cost": 0.12970000000000004, "incumbent": {"l2_reg": 0.5326597094535828, "lrate": 0.810847282409668, "n_epochs": 1594}, "budget": 0, "origin": "Sobol"}
{"cpu_time": 695.4216978549957, "wallclock_time": 696.1418635845184, "evaluations": 10, "cost": 0.11339999999999995, "incumbent": {"l2_reg": 0.8597577810287476, "lrate": 0.3089935779571533, "n_epochs": 1873}, "budget": 0, "origin": "Sobol"}
{"cpu_time": 3439.697299718857, "wallclock_time": 3462.941237449646, "evaluations": 44, "cost": 0.11029999999999995, "incumbent": {"l2_reg": 0.9680133187169662, "lrate": 0.3089935779571533, "n_epochs": 1871}, "budget": 0, "origin": "Local Search"}
{"cpu_time": 4820.904405117035, "wallclock_time": 4860.3906626701355, "evaluations": 59, "cost": 0.10899999999999999, "incumbent": {"l2_reg": 0.9696812394213083, "lrate": 0.30901576073016274, "n_epochs": 1871}, "budget": 0, "origin": "Local Search"}
{"cpu_time": 8336.317814588547, "wallclock_time": 8414.330190181732, "evaluations": 98, "cost": 0.1069, "incumbent": {"l2_reg": 0.9726357186166896, "lrate": 0.3096367359455963, "n_epochs": 740}, "budget": 0, "origin": "Local Search"}
