{"cpu_time": 0.0, "wallclock_time": 0.002315998077392578, "evaluations": 0, "cost": 2147483648, "incumbent": ["l2_reg='0.12030882108956575'", "lrate='0.7450040550902486'", "n_epochs='1480'"], "origin": "Sobol"}
{"cpu_time": 1.5354890823364258, "wallclock_time": 1.746372938156128, "evaluations": 1, "cost": 0.186864972114563, "incumbent": ["l2_reg='0.12030882108956575'", "lrate='0.7450040550902486'", "n_epochs='1480'"], "origin": "Sobol"}
{"cpu_time": 2.9158248901367188, "wallclock_time": 3.3288381099700928, "evaluations": 2, "cost": 0.14969414472579956, "incumbent": ["l2_reg='0.9153344631195068'", "lrate='0.18735074996948242'", "n_epochs='544'"], "origin": "Sobol"}
{"cpu_time": 4.367939710617065, "wallclock_time": 5.01039719581604, "evaluations": 3, "cost": 0.14284393191337585, "incumbent": ["l2_reg='0.5'", "lrate='0.5'", "n_epochs='1002'"], "origin": null}
{"cpu_time": 12.015304803848267, "wallclock_time": 13.708041906356812, "evaluations": 8, "cost": 0.14026503264904022, "incumbent": ["l2_reg='0.7701534032821655'", "lrate='0.523576557636261'", "n_epochs='151'"], "origin": "Sobol"}
{"cpu_time": 16.075377941131592, "wallclock_time": 18.356940984725952, "evaluations": 11, "cost": 0.1302300989627838, "incumbent": ["l2_reg='0.8250958919525146'", "lrate='0.4850051701068878'", "n_epochs='1907'"], "origin": "Sobol"}
{"cpu_time": 21.45462989807129, "wallclock_time": 24.51883316040039, "evaluations": 15, "cost": 0.12119884788990021, "incumbent": ["l2_reg='0.5135894417762756'", "lrate='0.05741475149989128'", "n_epochs='469'"], "origin": "Sobol"}
{"cpu_time": 22.8190758228302, "wallclock_time": 26.0769681930542, "evaluations": 16, "cost": 0.12080861628055573, "incumbent": ["l2_reg='0.9853957891464233'", "lrate='0.8353028297424316'", "n_epochs='1284'"], "origin": "Sobol"}
{"cpu_time": 37.961670875549316, "wallclock_time": 51.39263987541199, "evaluations": 27, "cost": 0.11999721080064774, "incumbent": ["l2_reg='0.9794426458686892'", "lrate='0.8296884553785002'", "n_epochs='1246'"], "origin": "Local Search"}
{"cpu_time": 47.608797788619995, "wallclock_time": 82.39776802062988, "evaluations": 34, "cost": 0.11827884614467621, "incumbent": ["l2_reg='0.9998777034265061'", "lrate='0.8279962905245144'", "n_epochs='1260'"], "origin": "Local Search"}
{"cpu_time": 84.56368923187256, "wallclock_time": 217.05296206474304, "evaluations": 61, "cost": 0.11150664836168289, "incumbent": ["l2_reg='0.06120142875069478'", "lrate='0.00018607101406206922'", "n_epochs='1127'"], "origin": "Local Search"}
{"cpu_time": 96.90015912055969, "wallclock_time": 272.194561958313, "evaluations": 70, "cost": 0.11034809798002243, "incumbent": ["l2_reg='0.06121584738615422'", "lrate='6.6943934883823e-05'", "n_epochs='1126'"], "origin": "Local Search"}
{"cpu_time": 105.12336730957031, "wallclock_time": 306.2212059497833, "evaluations": 76, "cost": 0.10704781860113144, "incumbent": ["l2_reg='0.1193990391941882'", "lrate='6.333447217859962e-05'", "n_epochs='1121'"], "origin": "Local Search"}
