{"cpu_time": 0.0, "wallclock_time": 0.004596233367919922, "evaluations": 0, "cost": 2147483648, "incumbent": ["l2_reg='0.013671766966581345'", "lrate='0.6628968510776758'", "n_epochs='1100'"], "origin": "Sobol"}
{"cpu_time": 53.426817655563354, "wallclock_time": 53.51699447631836, "evaluations": 1, "cost": 0.20399999999999996, "incumbent": ["l2_reg='0.013671766966581345'", "lrate='0.6628968510776758'", "n_epochs='1100'"], "origin": "Sobol"}
{"cpu_time": 115.5066294670105, "wallclock_time": 115.73479104042053, "evaluations": 2, "cost": 0.119, "incumbent": ["l2_reg='0.8418229222297668'", "lrate='0.39529645442962646'", "n_epochs='275'"], "origin": "Sobol"}
{"cpu_time": 598.7621653079987, "wallclock_time": 599.4326074123383, "evaluations": 8, "cost": 0.11329999999999996, "incumbent": ["l2_reg='0.962099552154541'", "lrate='0.5761499404907227'", "n_epochs='787'"], "origin": "Sobol"}
{"cpu_time": 2054.8256459236145, "wallclock_time": 2060.4867026805878, "evaluations": 30, "cost": 0.11250000000000004, "incumbent": ["l2_reg='0.32859346238941034'", "lrate='0.10922915618178286'", "n_epochs='1311'"], "origin": "Random Search"}
{"cpu_time": 5646.847115516663, "wallclock_time": 5698.482265949249, "evaluations": 76, "cost": 0.11119999999999997, "incumbent": ["l2_reg='0.9620755166647273'", "lrate='0.5910174183217571'", "n_epochs='779'"], "origin": "Local Search"}
{"cpu_time": 7418.888990402222, "wallclock_time": 7494.532220363617, "evaluations": 95, "cost": 0.10350000000000004, "incumbent": ["l2_reg='0.9885159360318517'", "lrate='0.5993543132067504'", "n_epochs='806'"], "origin": "Local Search"}
