{"cpu_time": 0.0, "wallclock_time": 0.0038390159606933594, "evaluations": 0, "cost": 2147483648, "incumbent": {"l2_reg": 0.9097313061356544, "lrate": 0.2537650754675269, "n_epochs": 44}, "budget": 0, "origin": "Sobol"}
{"cpu_time": 1.4953982830047607, "wallclock_time": 1.7127277851104736, "evaluations": 1, "cost": 0.14534057676792145, "incumbent": {"l2_reg": 0.9097313061356544, "lrate": 0.2537650754675269, "n_epochs": 44}, "budget": 0, "origin": "Sobol"}
{"cpu_time": 7.28687858581543, "wallclock_time": 8.314049005508423, "evaluations": 5, "cost": 0.1361406147480011, "incumbent": {"l2_reg": 0.7468822002410889, "lrate": 0.09813714027404785, "n_epochs": 1949}, "budget": 0, "origin": "Sobol"}
{"cpu_time": 12.993268251419067, "wallclock_time": 14.834367036819458, "evaluations": 9, "cost": 0.13375599682331085, "incumbent": {"l2_reg": 0.7531077265739441, "lrate": 0.9889194369316101, "n_epochs": 942}, "budget": 0, "origin": "Sobol"}
{"cpu_time": 14.389650106430054, "wallclock_time": 16.43266487121582, "evaluations": 10, "cost": 0.13206364214420319, "incumbent": {"l2_reg": 0.8518502116203308, "lrate": 0.17229965329170227, "n_epochs": 1253}, "budget": 0, "origin": "Sobol"}
{"cpu_time": 24.19423532485962, "wallclock_time": 27.619109869003296, "evaluations": 17, "cost": 0.12793658673763275, "incumbent": {"l2_reg": 0.946248471736908, "lrate": 0.5694080591201782, "n_epochs": 1728}, "budget": 0, "origin": "Sobol"}
{"cpu_time": 25.571805238723755, "wallclock_time": 29.196196794509888, "evaluations": 18, "cost": 0.11903257668018341, "incumbent": {"l2_reg": 0.9758591651916504, "lrate": 0.05691658705472946, "n_epochs": 798}, "budget": 0, "origin": "Sobol"}
{"cpu_time": 39.59180307388306, "wallclock_time": 57.76485586166382, "evaluations": 28, "cost": 0.11678902059793472, "incumbent": {"l2_reg": 0.9981325922951829, "lrate": 0.11254449684131464, "n_epochs": 575}, "budget": 0, "origin": "Local Search"}
{"cpu_time": 43.79352521896362, "wallclock_time": 69.35120892524719, "evaluations": 31, "cost": 0.11311505734920502, "incumbent": {"l2_reg": 0.9983107666519679, "lrate": 0.11526648773997543, "n_epochs": 609}, "budget": 0, "origin": "Local Search"}
{"cpu_time": 49.35670304298401, "wallclock_time": 86.42880392074585, "evaluations": 35, "cost": 0.10929202288389206, "incumbent": {"l2_reg": 0.998774731313124, "lrate": 0.11444154882221891, "n_epochs": 577}, "budget": 0, "origin": "Local Search"}
{"cpu_time": 50.71198511123657, "wallclock_time": 87.97966003417969, "evaluations": 36, "cost": 0.10785563290119171, "incumbent": {"l2_reg": 0.9986213055471765, "lrate": 0.11420026063946231, "n_epochs": 580}, "budget": 0, "origin": "Local Search"}
{"cpu_time": 86.73401069641113, "wallclock_time": 205.3140799999237, "evaluations": 59, "cost": 0.10502272099256516, "incumbent": {"l2_reg": 0.9998682809287405, "lrate": 0.9999367196975628, "n_epochs": 468}, "budget": 0, "origin": "Local Search"}
