{"cpu_time": 0.0, "wallclock_time": 0.0042645931243896484, "evaluations": 0, "cost": 2147483648, "incumbent": ["l2_reg='0.18836983479559422'", "lrate='0.6775123281404376'", "n_epochs='387'"], "origin": "Sobol"}
{"cpu_time": 46.22222352027893, "wallclock_time": 46.27169346809387, "evaluations": 1, "cost": 0.13049999999999995, "incumbent": ["l2_reg='0.18836983479559422'", "lrate='0.6775123281404376'", "n_epochs='387'"], "origin": "Sobol"}
{"cpu_time": 134.30956602096558, "wallclock_time": 134.4794807434082, "evaluations": 2, "cost": 0.12239999999999995, "incumbent": ["l2_reg='0.9215483665466309'", "lrate='0.4227484464645386'", "n_epochs='1145'"], "origin": "Sobol"}
{"cpu_time": 341.7789273262024, "wallclock_time": 342.17327332496643, "evaluations": 5, "cost": 0.1199, "incumbent": ["l2_reg='0.34641045331954956'", "lrate='0.0773802325129509'", "n_epochs='1540'"], "origin": "Sobol"}
{"cpu_time": 544.8462693691254, "wallclock_time": 545.4723508358002, "evaluations": 8, "cost": 0.11809999999999998, "incumbent": ["l2_reg='0.7741870880126953'", "lrate='0.5719324946403503'", "n_epochs='1861'"], "origin": "Sobol"}
{"cpu_time": 712.9853141307831, "wallclock_time": 713.8101208209991, "evaluations": 11, "cost": 0.1129, "incumbent": ["l2_reg='0.8245916962623596'", "lrate='0.008021179586648941'", "n_epochs='709'"], "origin": "Sobol"}
{"cpu_time": 1899.0182843208313, "wallclock_time": 1903.49001455307, "evaluations": 29, "cost": 0.10770000000000002, "incumbent": ["l2_reg='0.8276892379719644'", "lrate='0.004986213612244028'", "n_epochs='656'"], "origin": "Local Search"}
{"cpu_time": 2959.6864910125732, "wallclock_time": 2973.1426129341125, "evaluations": 43, "cost": 0.10629999999999995, "incumbent": ["l2_reg='0.8434768736417739'", "lrate='0.005145294793256263'", "n_epochs='736'"], "origin": "Local Search"}
{"cpu_time": 3840.6924192905426, "wallclock_time": 3866.076296567917, "evaluations": 54, "cost": 0.10509999999999997, "incumbent": ["l2_reg='0.8429191750859596'", "lrate='0.005078293708011706'", "n_epochs='737'"], "origin": "Local Search"}
{"cpu_time": 6433.978184700012, "wallclock_time": 6495.008664369583, "evaluations": 86, "cost": 0.10250000000000004, "incumbent": ["l2_reg='0.8429191750859596'", "lrate='0.005055321207663651'", "n_epochs='740'"], "origin": "Local Search"}
