{"cpu_time": 0.0, "wallclock_time": 0.003445863723754883, "evaluations": 0, "cost": 2147483648, "incumbent": {"l2_reg": 0.9164736997336149, "lrate": 0.14003713242709637, "n_epochs": 781}, "budget": 0, "origin": "Sobol"}
{"cpu_time": 2.209713935852051, "wallclock_time": 2.5104377269744873, "evaluations": 1, "cost": 0.14948439598083496, "incumbent": {"l2_reg": 0.9164736997336149, "lrate": 0.14003713242709637, "n_epochs": 781}, "budget": 0, "origin": "Sobol"}
{"cpu_time": 7.6840500831604, "wallclock_time": 8.860994815826416, "evaluations": 4, "cost": 0.13543249666690826, "incumbent": {"l2_reg": 0.6760685443878174, "lrate": 0.9237516522407532, "n_epochs": 1967}, "budget": 0, "origin": "Sobol"}
{"cpu_time": 11.17694640159607, "wallclock_time": 12.774038791656494, "evaluations": 6, "cost": 0.1347038447856903, "incumbent": {"l2_reg": 0.5191472172737122, "lrate": 0.2829395830631256, "n_epochs": 1155}, "budget": 0, "origin": "Sobol"}
{"cpu_time": 18.17226004600525, "wallclock_time": 20.753212928771973, "evaluations": 10, "cost": 0.12335768342018127, "incumbent": {"l2_reg": 0.8453428745269775, "lrate": 0.4284422695636749, "n_epochs": 1602}, "budget": 0, "origin": "Sobol"}
{"cpu_time": 65.92188811302185, "wallclock_time": 138.87861585617065, "evaluations": 42, "cost": 0.1217728927731514, "incumbent": {"l2_reg": 0.8416467159251706, "lrate": 0.4303553103373908, "n_epochs": 1503}, "budget": 0, "origin": "Local Search"}
{"cpu_time": 72.54452538490295, "wallclock_time": 158.51921582221985, "evaluations": 46, "cost": 0.12144434452056885, "incumbent": {"l2_reg": 0.8446590537023896, "lrate": 0.42843933776883264, "n_epochs": 1919}, "budget": 0, "origin": "Local Search"}
{"cpu_time": 85.77226853370667, "wallclock_time": 206.40839195251465, "evaluations": 55, "cost": 0.1206061989068985, "incumbent": {"l2_reg": 0.9889699456258149, "lrate": 0.41575789928718815, "n_epochs": 1924}, "budget": 0, "origin": "Local Search"}
{"cpu_time": 88.46385145187378, "wallclock_time": 213.53762102127075, "evaluations": 57, "cost": 0.11897466331720352, "incumbent": {"l2_reg": 0.9880425724314674, "lrate": 0.4140178043941655, "n_epochs": 1973}, "budget": 0, "origin": "Local Search"}
{"cpu_time": 95.2290849685669, "wallclock_time": 236.83319401741028, "evaluations": 62, "cost": 0.11857341229915619, "incumbent": {"l2_reg": 0.9902665177598263, "lrate": 0.41177150999398365, "n_epochs": 1958}, "budget": 0, "origin": "Local Search"}
{"cpu_time": 99.41997790336609, "wallclock_time": 249.8527398109436, "evaluations": 65, "cost": 0.11488685756921768, "incumbent": {"l2_reg": 0.9957493720705936, "lrate": 0.4061926081496034, "n_epochs": 1960}, "budget": 0, "origin": "Local Search"}
{"cpu_time": 100.77806282043457, "wallclock_time": 251.39912295341492, "evaluations": 66, "cost": 0.1139383465051651, "incumbent": {"l2_reg": 0.9950352838663642, "lrate": 0.406518597600587, "n_epochs": 1956}, "budget": 0, "origin": "Local Search"}
{"cpu_time": 117.52428960800171, "wallclock_time": 323.75534176826477, "evaluations": 78, "cost": 0.11375212669372559, "incumbent": {"l2_reg": 0.9999383465091123, "lrate": 0.34113415409704606, "n_epochs": 1505}, "budget": 0, "origin": "Local Search"}
