{"cpu_time": 0.0, "wallclock_time": 0.021024703979492188, "evaluations": 0, "cost": 2147483648, "incumbent": ["l2_reg='0.5972836315631866'", "lrate='0.12586811650544405'", "n_epochs='1822'"], "origin": "Sobol"}
{"cpu_time": 1.5953500270843506, "wallclock_time": 1.8589887619018555, "evaluations": 1, "cost": 0.14671194553375244, "incumbent": ["l2_reg='0.5972836315631866'", "lrate='0.12586811650544405'", "n_epochs='1822'"], "origin": "Sobol"}
{"cpu_time": 6.993919134140015, "wallclock_time": 8.027780771255493, "evaluations": 5, "cost": 0.13540229201316833, "incumbent": ["l2_reg='0.9848769903182983'", "lrate='0.2731727659702301'", "n_epochs='721'"], "origin": "Sobol"}
{"cpu_time": 11.129329204559326, "wallclock_time": 12.74596881866455, "evaluations": 8, "cost": 0.12468815594911575, "incumbent": ["l2_reg='0.2038710117340088'", "lrate='0.02236386388540268'", "n_epochs='185'"], "origin": "Sobol"}
{"cpu_time": 19.531392335891724, "wallclock_time": 22.29422163963318, "evaluations": 13, "cost": 0.12114796787500381, "incumbent": ["l2_reg='0.9011285305023193'", "lrate='0.9246918559074402'", "n_epochs='1674'"], "origin": "Sobol"}
{"cpu_time": 76.32747745513916, "wallclock_time": 182.90287065505981, "evaluations": 44, "cost": 0.11649223417043686, "incumbent": ["l2_reg='0.9986125180262857'", "lrate='0.9258595775685603'", "n_epochs='1987'"], "origin": "Local Search"}
{"cpu_time": 82.35062575340271, "wallclock_time": 207.56114768981934, "evaluations": 48, "cost": 0.11250876635313034, "incumbent": ["l2_reg='0.9980423040382108'", "lrate='0.8709268556041213'", "n_epochs='1987'"], "origin": "Local Search"}
{"cpu_time": 109.52990317344666, "wallclock_time": 313.1976046562195, "evaluations": 66, "cost": 0.10999444872140884, "incumbent": ["l2_reg='0.9949284514156739'", "lrate='0.8833464323468049'", "n_epochs='1999'"], "origin": "Local Search"}
