{"cpu_time": 0.0, "wallclock_time": 0.00458836555480957, "evaluations": 0, "cost": 2147483648, "incumbent": ["l2_reg='0.0011922819539904594'", "lrate='0.58683230727911'", "n_epochs='965'"], "origin": "Sobol"}
{"cpu_time": 49.314271211624146, "wallclock_time": 49.366058111190796, "evaluations": 1, "cost": 0.13290000000000002, "incumbent": ["l2_reg='0.0011922819539904594'", "lrate='0.58683230727911'", "n_epochs='965'"], "origin": "Sobol"}
{"cpu_time": 180.95942568778992, "wallclock_time": 181.23006224632263, "evaluations": 3, "cost": 0.12119999999999997, "incumbent": ["l2_reg='0.6733970046043396'", "lrate='0.8580855131149292'", "n_epochs='20'"], "origin": "Sobol"}
{"cpu_time": 462.0504939556122, "wallclock_time": 462.7001299858093, "evaluations": 7, "cost": 0.1139, "incumbent": ["l2_reg='0.5383089184761047'", "lrate='0.04218835383653641'", "n_epochs='580'"], "origin": "Sobol"}
{"cpu_time": 973.4421675205231, "wallclock_time": 974.6215682029724, "evaluations": 15, "cost": 0.11319999999999997, "incumbent": ["l2_reg='0.7261330485343933'", "lrate='0.34632569551467896'", "n_epochs='1847'"], "origin": "Sobol"}
{"cpu_time": 1947.459235906601, "wallclock_time": 1953.4001190662384, "evaluations": 29, "cost": 0.11219999999999997, "incumbent": ["l2_reg='0.5325547888854076'", "lrate='0.04467742023814201'", "n_epochs='623'"], "origin": "Local Search"}
{"cpu_time": 3737.3306465148926, "wallclock_time": 3767.7300543785095, "evaluations": 55, "cost": 0.10870000000000002, "incumbent": ["l2_reg='0.5325547888854076'", "lrate='0.04480281232903264'", "n_epochs='623'"], "origin": "Local Search"}
