{"cpu_time": 0.0, "wallclock_time": 0.002151012420654297, "evaluations": 0, "cost": 2147483648, "incumbent": {"l2_reg": 0.013671766966581345, "lrate": 0.6628968510776758, "n_epochs": 1100}, "budget": 0, "origin": "Sobol"}
{"cpu_time": 1.6338410377502441, "wallclock_time": 1.832949161529541, "evaluations": 1, "cost": 0.1743241250514984, "incumbent": {"l2_reg": 0.013671766966581345, "lrate": 0.6628968510776758, "n_epochs": 1100}, "budget": 0, "origin": "Sobol"}
{"cpu_time": 2.995971918106079, "wallclock_time": 3.3891711235046387, "evaluations": 2, "cost": 0.12964236736297607, "incumbent": {"l2_reg": 0.8418229222297668, "lrate": 0.39529645442962646, "n_epochs": 275}, "budget": 0, "origin": "Sobol"}
{"cpu_time": 11.176978588104248, "wallclock_time": 12.722128868103027, "evaluations": 8, "cost": 0.12930254638195038, "incumbent": {"l2_reg": 0.962099552154541, "lrate": 0.5761499404907227, "n_epochs": 787}, "budget": 0, "origin": "Sobol"}
{"cpu_time": 15.210626363754272, "wallclock_time": 17.341285943984985, "evaluations": 11, "cost": 0.12127136439085007, "incumbent": {"l2_reg": 0.9143276214599609, "lrate": 0.020087510347366333, "n_epochs": 1684}, "budget": 0, "origin": "Sobol"}
{"cpu_time": 26.24783754348755, "wallclock_time": 29.94236993789673, "evaluations": 19, "cost": 0.12031971663236618, "incumbent": {"l2_reg": 0.761694073677063, "lrate": 0.20116303861141205, "n_epochs": 938}, "budget": 0, "origin": "Sobol"}
{"cpu_time": 42.41854453086853, "wallclock_time": 68.676344871521, "evaluations": 31, "cost": 0.11546479910612106, "incumbent": {"l2_reg": 0.947726997655219, "lrate": 0.03648766412328044, "n_epochs": 1682}, "budget": 0, "origin": "Local Search"}
{"cpu_time": 53.570656538009644, "wallclock_time": 103.44879078865051, "evaluations": 39, "cost": 0.11438995599746704, "incumbent": {"l2_reg": 0.9820130594684743, "lrate": 0.030282861346893324, "n_epochs": 1677}, "budget": 0, "origin": "Local Search"}
{"cpu_time": 64.37268829345703, "wallclock_time": 137.33439898490906, "evaluations": 47, "cost": 0.11380116641521454, "incumbent": {"l2_reg": 0.9786403433890042, "lrate": 0.030630130170125686, "n_epochs": 1679}, "budget": 0, "origin": "Local Search"}
{"cpu_time": 69.77019739151001, "wallclock_time": 153.54820895195007, "evaluations": 51, "cost": 0.10832154750823975, "incumbent": {"l2_reg": 0.9979235648761199, "lrate": 0.9998843112384591, "n_epochs": 757}, "budget": 0, "origin": "Local Search"}
