{"cpu_time": 0.0, "wallclock_time": 0.044927120208740234, "evaluations": 0, "cost": 2147483648, "incumbent": ["l2_reg='0.0011922819539904594'", "lrate='0.58683230727911'", "n_epochs='965'"], "origin": "Sobol"}
{"cpu_time": 2.0750880241394043, "wallclock_time": 2.3265280723571777, "evaluations": 1, "cost": 0.18718735873699188, "incumbent": ["l2_reg='0.0011922819539904594'", "lrate='0.58683230727911'", "n_epochs='965'"], "origin": "Sobol"}
{"cpu_time": 3.4086461067199707, "wallclock_time": 3.861046075820923, "evaluations": 2, "cost": 0.13961675763130188, "incumbent": ["l2_reg='0.8219838738441467'", "lrate='0.44870129227638245'", "n_epochs='1070'"], "origin": "Sobol"}
{"cpu_time": 10.016544103622437, "wallclock_time": 11.481596231460571, "evaluations": 7, "cost": 0.12836262583732605, "incumbent": ["l2_reg='0.5383089184761047'", "lrate='0.04218835383653641'", "n_epochs='580'"], "origin": "Sobol"}
{"cpu_time": 16.830379247665405, "wallclock_time": 19.198668956756592, "evaluations": 11, "cost": 0.12156308442354202, "incumbent": ["l2_reg='0.8838014006614685'", "lrate='0.1278381496667862'", "n_epochs='357'"], "origin": "Sobol"}
{"cpu_time": 54.58876848220825, "wallclock_time": 105.06680917739868, "evaluations": 37, "cost": 0.12129651010036469, "incumbent": ["l2_reg='0.761940435741458'", "lrate='0.1279085644694703'", "n_epochs='348'"], "origin": "Local Search"}
{"cpu_time": 57.352062463760376, "wallclock_time": 111.71382212638855, "evaluations": 39, "cost": 0.11550230532884598, "incumbent": ["l2_reg='0.7598755616776078'", "lrate='0.03320930398705869'", "n_epochs='357'"], "origin": "Local Search"}
{"cpu_time": 93.00701403617859, "wallclock_time": 241.67178106307983, "evaluations": 64, "cost": 0.11426626145839691, "incumbent": ["l2_reg='0.7492337784552673'", "lrate='0.00017218774577578994'", "n_epochs='348'"], "origin": "Local Search"}
{"cpu_time": 95.79829597473145, "wallclock_time": 249.73873805999756, "evaluations": 66, "cost": 0.11348064243793488, "incumbent": ["l2_reg='0.75146104447361'", "lrate='1.1365970769465841e-06'", "n_epochs='342'"], "origin": "Local Search"}
